total_change	real_change	real_percent	virtual_change	virtual_percent
0.059000000000000004	0.009	15.25423728813559	0.05	84.7457627118644
